{"max_depth": 4, "learning_rate": 0.07348646522718973, "n_estimators": 424, "subsample": 0.7369388941806884, "colsample_bytree": 0.7145718461283227, "gamma": 0.1420576098339466, "reg_alpha": 1.0208960683922307e-08, "reg_lambda": 2.3846074595629195e-06}